Model,Layer,Initialization Time (ms),Single Embed Time (ms),Batch Embed Time (ms),Similarity Matrix Time (ms),Pair Comparison Time (ms),Embedding Dimension
resnet18,avgpool,378.45611572265625,38.85999592867765,151.84640884399414,113.17825317382812,19.575119018554688,512
resnet18,layer4,238.03019523620605,14.201792803677646,171.8752384185791,125.0002384185791,15.625,25088
resnet18,layer3,320.1429843902588,11.36459003795277,156.24547004699707,156.2509536743164,15.624523162841797,50176
resnet34,avgpool,5053.52258682251,14.204870570789684,156.24642372131348,156.2516689300537,31.253814697265625,512
resnet34,layer4,494.89283561706543,14.776424928144975,156.2821865081787,187.4697208404541,31.251192092895508,25088
resnet34,layer3,446.1863040924072,14.204697175459428,156.2492847442627,171.8745231628418,31.249046325683594,50176
resnet50,avgpool,601.7138957977295,18.98644187233665,205.33037185668945,171.8752384185791,48.113107681274414,2048
resnet50,layer4,550.9076118469238,20.226240158081055,207.31425285339355,218.71471405029297,31.2497615814209,100352
resnet50,layer3,641.6261196136475,19.18205347928134,218.75333786010742,226.93419456481934,31.258583068847656,200704
