Model,Layer,Initialization Time (ms),Single Embed Time (ms),Batch Embed Time (ms),Similarity Matrix Time (ms),Pair Comparison Time (ms),Embedding Dimension
resnet18,avgpool,352.0328998565674,34.5759758582482,141.81876182556152,205.5809497833252,15.62643051147461,512
resnet18,layer4,242.02370643615723,13.221208865825947,156.25286102294922,171.87118530273438,31.25286102294922,25088
resnet18,layer3,266.6802406311035,13.221373924842247,156.2495231628418,234.3740463256836,15.627384185791016,50176
resnet34,avgpool,483.2334518432617,16.874148295475887,187.49594688415527,187.5009536743164,15.624284744262695,512
resnet34,layer4,483.78801345825195,14.423150282639723,187.5014305114746,187.5011920928955,31.24833106994629,25088
resnet34,layer3,459.6688747406006,14.11738762488732,215.21520614624023,196.15554809570312,31.247377395629883,50176
resnet50,avgpool,582.963228225708,16.379338044386643,234.37833786010742,218.74594688415527,40.313005447387695,2048
resnet50,layer4,544.0905094146729,18.029084572425255,234.37261581420898,234.3761920928955,46.875715255737305,100352
resnet50,layer3,577.477216720581,18.19135592533992,267.0331001281738,261.1122131347656,33.541202545166016,200704
